Mets,PoolSize
ACA,522.3351314249729
CIT,327.3494203020394
CO2,77.80019288658427
F6P,0.355396087409867
FUM,616.4189958922004
G1P,12.275872894966723
G6P,0.792824710171153
GLY,4.040217429257772
GLYOX,4.672186514098357
GLYprot,448.1434080090146
MAL,17.547761129547883
OAA,4.6960634433545945
P5P,0.3849070785432292
PEP,0.4020278116981479
PGA,0.4421968018617672
PYR,209.67384735992627
S7P,0.022416124632447826
SER,12.81668236325049
SERprot,418.89616874851833
SUC,741.5102800999838
Shikimat,452.8049491813934
Starch,21.641913384678865
TP,0.5781239946938284
PG,996.7669470888703
ASP,85.76098308782161
ASXprot,439.4114829538827
AKG,316.0594696562971
GLU,445.25946756362094
GLXprot,448.15448628474286
RUBP,16.582457366815444
ADPG,514.3748084613372
UDPG,8.747123065933216
SBP,1.037775250509287
