Rxns,Fluxes
ACE_ACA.m,4.288946050312603e-06
ACETATE-IN,8.577709655899213e-06
ACE_ACA.p,4.2887636141630825e-06
CO2.IN,62.35439547920157
PGK,2.4790633322196105
42TK,65.12948234100917
42TK_b,64.745825976848
PRK,1.0579499895317215
RUBISCO_CO2,0.06135370819799395
52TK,4.1792381574133985
52TK_b,3.81007998926476
SBPase,0.36915816814862584
34ALDO,0.3691581681486286
33ALDO.p,0.3982828423456387
PGDH,0.00926073767707658
GGT,45.45101599614305
GGT_b,44.49222673297053
GDC,86.94876947236743
GDC_b,86.47145665457829
RUBISCO_O2,0.9965962813337188
SGT,1.4864958829503023
PGP,0.9965962813336894
ENO.c,50.32844227218142
ENO.c_b,49.79749959973301
PGI.p,52.85617281879239
PGI.p_b,52.84154634060795
PK.c,0.18114978177751928
Ppdk.p,50.95501399501834
Ppdk.p_b,51.00999419040935
GAPDH.c,0.5483707109364163
GAPDH.c_b,0.01742803848799246
MALSYN,0.05823266515570236
ICITLY,0.02042564699457039
AKGDH,0.056450977915492695
ACONase,49.12188031340908
ACONase_b,49.0238287497379
FUMase,10.365611479099853
FUMase_b,10.288734854189798
ICITDH,0.07762591667656338
ME.p,0.07603457692555063
MDH,54.1643594889814
MDH_b,54.27494253524497
CITSYN,0.09805156367114988
PEPC,0.32092781443747853
PEPC_b,0.055111511182659
PDH.m,0.15627993988081587
PDH.p,0.11019100744024513
SUCDH,21.778723018187826
SUCDH_b,21.70184639327775
ME.c,0.16965775940375225
P5P_T,0.056128184543129844
HP.t,0.014626478184410208
PYR.t,0.13644163504449125
TP.t,0.5605249470698814
PEP.t,0.08397658741606362
SERsyn.p,0.12673624846036646
GDH,0.02117493876104512
METsyn,0.15996285135920196
Shikimat1,0.007249098006258503
THRsyn,29.85609267209592
ARGsyn,63.41251114728699
Shikimat2,0.007249098006258614
PROsyn,19.79088151719978
LYSsyn1,0.013890521602555106
LYSsyn2,0.01389052160255444
ALAAT,0.030304923050897048
ASPAT,0.02940065011499593
VALsyn,0.045763285862745806
HISsyn,0.007894526383587563
GLYsyn.p,0.12673624846035725
PHEsyn,0.004832892767953956
TYRsyn,0.009665303244555723
ILEsyn,0.06573882819527613
LEUsyn,0.016567926854516968
ALAprot,49.7334101355785
ALAprot_b,49.703105212527596
ARGprot,63.412511147287006
ASXprot,35.04855328968624
ASXprot_b,65.07829029386599
GLXprot,8.408920516659261
GLXprot_b,91.59113824238501
GLYprot,0.022071169366907173
GLYprot_b,0.01790754177260684
HISprot,48.45742063062621
HISprot_b,48.44952610424261
ILEprot,0.06573882819529508
LEUprot,48.232575463841044
LEUprot_b,48.216007536986524
LYSprot,51.25253940639837
LYSprot_b,51.22475836319325
METprot,0.15996285135919863
PHEprot,49.14806422432456
PHEprot_b,49.143231331556606
PROprot,19.79088151719978
SERprot,0.011126522381257803
SERprot_b,1.0425601276646748
THRprot,65.1577617147549
THRprot_b,35.36740787085428
TYRprot,0.009665303244556167
VALprot,0.029195359008239413
CYSprot,0.022250540122256385
Starch_produce,39.62678977675296
G1PadT,39.62678977675294
PGM.p,69.85430839540825
PGM.p_b,30.227518618655267
Turnover_P,39.62678977675296
STARCH_OUT,51.79903899379405
STARCH_OUT_b,51.79903899379405
ACP,0.04681368467467134
FA2,0.046813684674670925
G3P.TAGout,0.029582274621428706
G3P.c,0.02958227462141849
PYRIMIDINE,0.0430821308396947
PURINE,0.022306791380538482
GLYDH,0.10442945707983448
PUnucOUT,0.022306791380533708
PUnuc,0.02230679138053049
THYMIDINE,0.018694745036356427
PYnucOUT,0.024387385803293693
PYnuc,0.043082130839695365
GLPUrT,41.201497129893475
GLPUrT_b,41.19613138938617
PGM.c,49.602292562720166
PGM.c_b,49.59692682221285
WALL,0.005365740507296657
