Mets,PoolSize,LB,UB
ACA,455.7686319540915,455.76097177324806,455.7778646705636
CIT,557.8196968056872,557.8102294962322,557.8271179752071
CO2,943.8667700142809,943.8592971613152,943.8745254378211
F6P,0.05328840235646521,0.0527783248235614,0.06041352812883483
FUM,485.3774916327161,485.36930697307423,485.38619954545453
G1P,0.1915405543987188,0.18968483612521453,0.1984638185017162
G6P,0.19260317653514594,0.1907371148128864,0.19952735274089958
GLY,0.15771005332017315,0.15618110733009685,0.16479433741891478
GLYOX,0.12178723396035385,0.1206087794607636,0.12887641610124842
GLYprot,494.8095745271674,494.80122169926364,494.8181130974273
MAL,8.904286513656375,8.899369416118095,8.911487864149196
OAA,0.06884566453633693,0.06818384388342544,0.07592344234093643
P5P,0.05077548316224908,0.050289955375586746,0.05785243392571044
PEP,0.08891619042882029,0.08805850267438302,0.09599756731027088
PGA,0.09491287412386705,0.0939966655494139,0.10199503865588151
PYR,1.414996741563011,1.4082699151342573,1.4220705000177323
S7P,0.007765021266323093,0.0011667686496784945,0.014899760666533984
SER,0.15571854203452004,0.15420902765320812,0.16280289162083122
SERprot,484.85386370630204,484.84568836840623,484.86258103886234
SUC,564.2487106655094,564.239132248846,564.2560190937681
Shikimat,491.9451409905086,491.93683929179144,491.95373092868687
Starch,17.389868445102987,17.383057891903288,17.39711579167633
TP,0.09884032540409199,0.09788574630235125,0.10592409940068208
PG,99.64807486348028,99.64133956054,99.65587917972236
ASP,449.8562828212049,449.84872676805924,449.86561758057616
ASXprot,493.8505543879158,493.8422186838384,493.85911015047634
AKG,328.76259235292434,328.75713068749155,328.76795788480865
GLU,494.9479830958656,494.9396277961319,494.95651918536527
GLXprot,494.8102849344237,494.80193209383305,494.81882349195035
RUBP,0.08712884021205401,0.08628861147591343,0.09420910882505812
ADPG,71.84340495610316,71.83346998425384,71.85089490979675
UDPG,647.7405565631149,647.735178431671,647.7464197963944
SBP,0.3651719896374167,0.36161937331950966,0.3722503147485595
