Rxns,Fluxes,LB,UB
ACE_ACA.m,4.288928804552228e-06,2.1602119868457947e-06,6.96551665280154e-06
ACETATE-IN,8.577718199953566e-06,6.643209997658772e-06,9.286697684407486e-06
ACE_ACA.p,4.288789401743487e-06,2.160141614380995e-06,8.544590727764534e-06
CO2.IN,79.94331902897801,79.93707345717885,79.94958674178145
PGK,14.694853153669545,14.685481436097056,14.99996963530036
42TK,2.832012737048686,2.8238020095299845,2.8376077698939355
PRK,8.360212564925924,8.354987432072843,8.567276435723498
RUBISCO_CO2,4.222893674426051,4.21761505733302,4.231616121098107
52TK,2.7998866753496934,2.7944893112105005,2.809602730991587
SBPase,2.799886675349679,2.7943264290495726,2.8095999180002926
34ALDO,2.7998866753496854,2.7943264290492675,2.8095999180002518
33ALDO.p,2.8621602493373883,2.8560029651007373,2.8701578876840252
PGDH,0.013537201648319952,0.01340182963183656,0.019468613963056214
GGT,4.1274664989257985,4.119640502103721,4.136410251025737
GDC,2.0632526302109966,2.0555393883554274,2.0693034655501066
RUBISCO_O2,4.13731889049987,4.132147241886743,4.14329485728186
SGT,2.2261446274622427,2.2205792658935843,2.235767985448557
PGP,4.137318890499849,4.132147241886723,4.143294857281817
ENO.c,0.4970453910302908,0.489028260647558,0.5055822288849328
PGI.p,0.03014751228862167,0.022702044976441016,0.03883562902790061
PK.c,0.2679039513397872,0.26522491182638824,0.2776953025976936
Ppdk.p,-0.09312266409384762,-0.09855456804248774,0.06702296073895297
GAPDH.c,0.49704539103030954,0.4890282606475524,0.5055822288849284
MALSYN,0.020663165191606492,0.02045653353968735,0.02685503708791037
ICITLY,0.010810773617581815,0.01037834267287674,0.019050667827447354
AKGDH,0.04302691595302949,0.04259664679350156,0.049502937264998714
ACONase,0.07511450130979114,0.0012654230350790385,0.08332877677458583
FUMase,0.053837689570601366,0.004117624694505939,0.06015773388562462
ICITDH,0.0643037276921754,0.06366069041525824,0.06983315437941473
ME.p,0.005946366429886843,5.420322257571053e-05,0.01561796090670288
MDH,0.055794360553576894,0.04658027726307523,0.06378465401714806
CITSYN,0.07511450130978417,0.0743633562966807,0.08332853122954517
PEPC,0.07176665219870193,0.06421070868488243,0.07907479060086797
PDH.m,0.09577337757259574,0.09481564379686727,0.10397209327740854
PDH.p,0.09693609718986232,0.09596673621796759,0.10576879572793141
SUCDH,0.05383768957063495,0.004117624694536914,0.060157733885198184
ME.c,0.012760127778721847,0.012632526500936353,0.01818731148195224
P5P_T,0.06301473437936866,0.06238458703557581,0.06824122623890361
HP.t,0.030147512288616618,0.028941611797069833,0.03652842015320634
PYR.t,0.13469606853964572,0.13334910785426202,0.14200858357757634
TP.t,0.5387465672466938,0.5333591015742263,0.5439115901555336
PEP.t,0.15737478749180078,0.1558010396168923,0.16638495257177965
SERsyn.p,0.11439771314463582,0.1132537360131905,0.12111438091260329
GDH,0.021276811739121965,0.02106404362173009,0.02851425041685357
METsyn,0.12764360547147469,0.12636716941675952,0.1354782746887755
Shikimat1,0.016063030849478216,0.01590240054098277,0.022781494373744104
THRsyn,30.07755468171178,30.068155445873735,30.08301737275228
ARGsyn,78.27962197648576,78.27350638101883,78.28640959461814
Shikimat2,0.016063030849478577,0.015902400540985462,0.022781494373690758
PROsyn,11.923539286735846,11.9173804337985,12.012384387522562
LYSsyn1,0.012286903643256686,0.01216403460681964,0.020903047532901564
LYSsyn2,0.01228690364326035,0.012164034606826635,0.02090304753290856
ALAAT,0.025620825719777418,0.025364617462577732,0.03243109086653384
ASPAT,0.027872704155972094,0.0275939771144027,0.03439831621816669
VALsyn,0.039520932328375,0.0391257230050952,0.04644460813512796
HISsyn,0.00855878844275404,7.802071800783184e-05,0.015864332299213302
GLYsyn.p,0.11439771314462582,0.11325373601318289,0.12111438091288229
PHEsyn,0.01070949255520054,0.010281112852989271,0.01908475444394442
TYRsyn,0.021416569143751313,0.021202403452310642,0.027908343091361365
ILEsyn,0.057787137216746526,0.05720926584457514,0.06520419869754066
LEUsyn,0.014656962833295983,0.014510393204965194,0.024255620933788413
ALAprot,0.025620825719791185,0.0002561983572064719,0.03243510875125821
ARGprot,78.27962197648577,78.27350638101883,78.28640959461808
ASXprot,-30.230059626629036,-30.236206287724514,-30.222321416991015
GLXprot,-90.18188445148249,-90.19165573671123,-90.17403740085953
GLYprot,0.0009612385037942595,-0.006441017583571185,0.008946505959510853
HISprot,0.00855878844272695,8.557798442154763e-05,0.01589534891134292
ILEprot,0.05778713721677323,0.05720926584460566,0.06520419869696428
LEUprot,0.01465696283332818,0.00014655972834987097,0.02425052036468145
LYSprot,0.024573807286500937,0.018435838141797944,0.03230149172236452
METprot,0.12764360547146092,0.12636716941674903,0.13547827468876994
PHEprot,0.010709492555200484,0.0001070850255260325,0.018841909119032607
PROprot,11.92353928673584,11.917380433798483,12.012384387522557
SERprot,-0.17119952167405972,-0.1784089220044281,-0.16411557321641174
THRprot,30.019767544495004,30.011281190538078,30.029586869186375
TYRprot,0.02141656914374268,0.021202403452309282,0.027908343091107984
VALprot,0.024863969495092952,0.024615329800152283,0.03157538074477237
CYSprot,0.008307524422824716,7.572994040402209e-05,0.015840184304405452
Starch_produce,16.800828929448464,16.792625399697762,16.807328864688355
G1PadT,16.800828929448446,16.792625399697748,16.80732886468834
PGM.p,16.80082892944848,16.791703864688387,16.80732886468838
Turnover_P,16.800828929448443,16.79262539969773,16.80732886468833
STARCH_OUT,-1.4210854715202004e-14,-1.4210854715202004e-14,-7.105427357601002e-15
ACP,0.041141711572983,0.040730294457253444,0.04642210034335776
FA2,0.04114171157298594,0.04073029445724991,0.046422100343360535
G3P.TAGout,0.041701176216338454,0.041284164454168326,0.048174545843665484
G3P.c,0.041701176216327906,0.04128416445416028,0.0481745458436621
PYRIMIDINE,0.05273404360180822,0.05220670316579046,0.05833413705202206
PURINE,0.02381789242590876,0.023579713501654942,0.031174881820576483
GLYDH,0.09057982071872517,0.08967402251154011,0.09750721804425877
PUnucOUT,0.023817892425909037,0.023579713501647892,0.031174881820562328
PUnuc,0.0238178924259021,0.023579713501647503,0.03117488182051331
THYMIDINE,0.021139355097329858,0.020927961546354054,0.02984404051268829
PYnucOUT,0.031594688504424595,0.03127874161938127,0.037490541689625956
PYnuc,0.05273404360180722,0.052206703165790125,0.05833413705203838
GLPUrT,0.016610310640260195,0.008305980836155413,0.022548039725450053
PGM.c,0.016610310640288617,0.008305980836183835,0.02254803972539321
WALL,0.016610310640254866,0.016468264741575034,0.022598289447692377
