MID,time,mid
S7P_1234567,0,144.820209746411;0;0;0;0;0;0;0
S7P_1234567,0,77.8438512788545;1.57644670885948;0;0;0;0;0;0
S7P_1234567,0,122.95607700998;0.835090056277931;0;0;0;0;0;0
S7P_1234567,5,106.021734513748;39.5150941122044;9.51492390175428;0.263048898350159;0;0;0;0
S7P_1234567,5,94.0243896589064;40.4473222478916;6.99881728015724;0.909749527314972;0;0;0;0
S7P_1234567,5,104.472030477838;40.6549326979096;11.8006660441551;0;0;0;1.12781401683673;0.268640943599595
S7P_1234567,10,60.3493424267882;85.5335403177892;55.0731803262644;13.7708347265445;1.96442532237803;0.204846912681463;0;0
S7P_1234567,10,57.1601811441968;67.3912950473757;37.6205653998869;10.0826836828938;0;0;0;0
S7P_1234567,10,38.3564766899182;86.191103837956;40.054182254946;3.74171951547784;0.217999445074116;0;0;0
S7P_1234567,20,25.0241054260407;83.1295308438288;90.8608104836734;30.1196873482889;6.38712056564241;0.181344839333063;2.01366402638417;0.0729013338258629
S7P_1234567,20,25.9723580744903;69.2400029673815;68.6561815451944;35.4670668350882;8.3778458646628;0.44821824197407;0;0
S7P_1234567,20,14.4062347965285;53.1572001227475;43.0223743146287;28.2307342886989;7.49383597673411;1.21648121969148;0.583852151028029;0
S7P_1234567,40,2.93702031863985;7.88132072516307;40.060940826068;55.725253194392;41.4892115425976;22.6516187558543;6.7472722462217;4.16516483300337
S7P_1234567,40,2.90516708796483;5.4905815883783;35.4201834032901;63.186624543131;45.9903921037521;41.4293481414567;11.729531408022;5.28462958766593
S7P_1234567,40,4.16447502228414;12.4896820961622;43.376701694623;66.0137810311815;43.7802805071449;26.9333476669571;6.8603814899303;2.14231091760156
UDPG_123456,0,74.1854217968916;0;0;0;0;0;0
UDPG_123456,0,43.675540259566;0;0;0;0;0;0
UDPG_123456,0,70.0777438292979;0;0.328180239296905;0.119515467078525;0;0;0
UDPG_123456,5,69.9380600868065;0;0;0;0;0;0
UDPG_123456,5,67.1977689967926;2.32118491165788;0.0360151489411081;0;0;0;0
UDPG_123456,5,91.6242682877484;0;0;0;0;0;0
UDPG_123456,10,82.1665173804268;2.89994206337422;1.5662820870351;0;0;0;0
UDPG_123456,10,72.1593564313714;2.71444944389736;0;0.24031722042003;0;0;0
UDPG_123456,10,58.8871134458263;0;0;0;0;0;0
UDPG_123456,20,78.6360084536328;2.42996877864895;0.663909438901136;0;0.279685464118987;0;0
UDPG_123456,20,88.5789323494096;5.33321589110997;1.01039344949258;0.74740053348821;0.0234609024450005;0.266809383796074;0
UDPG_123456,20,53.2452459837312;1.85798438798524;0;0;0;0;0
UDPG_123456,40,38.3084854988227;10.6256732011525;9.4399427011557;6.13394780969349;5.24613647467844;0.493244152350077;0.470112062300475
UDPG_123456,40,24.9347429943942;7.07559598857653;4.52792524988347;4.00519458715789;3.18208704924692;0.653067799609131;0.801640943067094
UDPG_123456,40,46.4862470734007;12.5775467600469;11.5410634806959;7.86821314622717;3.576931522478;0.428442027807392;0.669819967838802
ADPG_123456,0,29.1134619031182;0;0;0;0;0;0
ADPG_123456,0,22.1478664834809;0;0;0;0;0;0
ADPG_123456,0,28.5723461461634;0;0;0;0;0;0
ADPG_123456,5,24.9765030288749;0.198659768333026;0;0;0;0;0
ADPG_123456,5,24.0852244032035;0;0;0;0;0;0
ADPG_123456,5,30.5639614923522;0;0.702075789850637;0;0;0;0
ADPG_123456,10,32.2330271716118;2.30380364840811;5.08326136424553;0;0;0;0
ADPG_123456,10,19.27861057948;0.556056535223837;0.034172311301185;0;0;0;0
ADPG_123456,10,28.8448910824555;0.229339995324746;4.97621029996028;0;0;0;0
ADPG_123456,20,23.6338375116753;2.31523998204052;0.658906269212473;0;0.000236957748459043;0;0
ADPG_123456,20,20.555069034691;4.47947729130335;1.66282791509156;0.458773161905642;0;0;0.0128337870804724
ADPG_123456,20,16.6514174911265;2.36663755813962;1.89652025453623;0.644259029258365;0;0;0
ADPG_123456,40,9.28796463830987;8.99066041030126;9.77913631710946;6.55538226265799;3.67297722367383;1.66353421064092;0.819598747763906
ADPG_123456,40,1.93202722900871;4.31878972415218;6.00434177729173;14.3692186519011;5.90622289929602;0;0
ADPG_123456,40,9.63724217029347;6.45144940272992;8.97388069031597;6.85320343426159;4.69508814019733;1.1122405215995;0.744031978563347
GLU_12345,0,785.676655175476;2.8455124054711;0;0;0;0
GLU_12345,0,723.069551940669;0;0;0;0;0
GLU_12345,0,705.279548100829;2.82556071357042;0.865490410424789;0;0;0
GLU_12345,5,559.279884535899;5.8833053224383;0;0;0;0
GLU_12345,5,701.583321320096;7.01670104908172;0;0;0;0
GLU_12345,5,777.559476533552;8.86191444441158;0;0.618689432789747;0.0642772224838419;0
GLU_12345,10,870.61980450996;0;0;0;0;0
GLU_12345,10,572.688430114346;7.61260242857262;0;0;0;0
GLU_12345,10,456.885732211392;7.21145271193155;0;0;0;0
GLU_12345,20,716.211478124064;4.25849953796553;0;0;0;0
GLU_12345,20,915.913054358304;7.94636395481018;0;0.309126353505237;0.0455066869377365;0
GLU_12345,20,405.410725883967;2.42481546534054;0;0;0;0
GLU_12345,40,716.643034776769;8.30009620883592;0;0.264063782693436;0;0
GLU_12345,40,296.027597898608;0;0;0;0;0
GLU_12345,40,1032.43240930307;25.4555556714533;0.28600401965755;0;0;0
PG_12,0,2.76449453183877;0;0.172392910059612
PG_12,0,0;0;0
PG_12,0,7.16954770765535;0;0
PG_12,5,1.11142330826773;0;0
PG_12,5,0;0;0
PG_12,5,0.886594296125849;0.0599042272182394;0
PG_12,10,1.07270282431838;0;0
PG_12,10,1.97272857534983;0;0
PG_12,10,0;0;0
PG_12,20,1.84330527341662;0;0
PG_12,20,3.5039831051581;0.27834109446641;0.184790091079289
PG_12,20,0;0;0
PG_12,40,0.428962895884947;0;0
PG_12,40,0;0;0
PG_12,40,0;0;0
FBP_123456,0,27.2267325961233;0.474668847341186;0.392147946737596;0;0;0;0
FBP_123456,0,5.508607519687;0;0;0;0;0;0
FBP_123456,0,22.5126678597934;0.497438486354002;0;0;0;0;0
FBP_123456,5,16.2260062898332;16.4536555783571;0;0;0;0;0
FBP_123456,5,22.131134853766;15.3404804909872;0.635242760179654;1.1971009523792;0;0;0
FBP_123456,5,24.2720674821935;18.1828510396562;5.77172116192157;0;0;0;0
FBP_123456,10,18.3911313249598;14.5283825102357;26.4886859437863;2.39922499838059;0;0;0
FBP_123456,10,11.6949118038839;13.1761722563056;4.1172998574756;2.98937047804215;0;0;0
FBP_123456,10,1.67681671380113;7.9699711861624;0;0;0;0;0
FBP_123456,20,3.85609123510257;12.540597764191;8.03982320169938;3.33254613899265;0;0;0
FBP_123456,20,10.2880458881049;18.3351895919883;13.222893268757;4.77824665899306;1.16582531270051;0.404684131217278;0
FBP_123456,20,3.55325787550503;9.7333575742085;4.0943718782235;0;0;0;0
FBP_123456,40,0.949266243293195;2.74120309491621;11.0629882836795;12.0563961525984;6.91416408834696;2.46123818917686;0.179433743092632
FBP_123456,40,0;4.15624640889644;17.2104212177323;5.22919751087399;2.14908523421001;1.39507934803764;0
FBP_123456,40,1.14999364169351;4.92347771136875;12.701431619549;13.8342830205325;5.79867578788002;2.09358189948998;0.0843383275174152
SBP_1234567,0,39.6904587365837;0.829270901058885;0;0;0;0;0;0
SBP_1234567,0,0;5.30591205490168;0;0;0;0;0;0
SBP_1234567,0,24.3054223716862;0.349001539225889;0;0;0;0;0;0
SBP_1234567,5,5.15359148046796;22.0124283315667;10.0067590438991;0;0;0;0;0
SBP_1234567,5,21.1737201566679;29.7569455786261;3.12479442099404;6.83302204310566;0;0;0;0
SBP_1234567,5,29.360739565243;16.260030473465;3.2745261685328;2.03964968010157;0;0;0;0
SBP_1234567,10,9.04484404594738;8.34829827179034;0;0;0;0;0;0
SBP_1234567,10,5.18555192269464;17.6183299945934;0.532874081466338;1.50490173461017;0;0;0;0
SBP_1234567,10,8.70459619979125;32.7062290918358;7.87185686373656;0;0;0;0;0
SBP_1234567,20,2.70011096783668;11.1902234159334;0;0;0;0;0;0
SBP_1234567,20,12.4613876774834;12.4678921861184;13.4473210824936;8.36029498315917;3.69135868500539;3.85632303092361;0;0
SBP_1234567,20,0;13.4874273072569;0.172913405549938;0;0;0;0;0
SBP_1234567,40,0.656816296942633;0.364667309810054;1.28128597234121;7.6098581945025;2.03912019976884;0;0;0
SBP_1234567,40,0;0;0;0;0;0;0;0
SBP_1234567,40,0;1.29059144383312;0.429654668583547;5.02685608321954;0.712093656410146;0;0;0
TP_123,0,19.6972706482311;0.0830170354895366;0;0
TP_123,0,5.51649573035464;0;0;0
TP_123,0,17.668784207147;0;0;0
TP_123,5,7.92907270016193;3.92342799571746;0;0
TP_123,5,8.91205090895268;3.39580771910558;0;0
TP_123,5,14.113210600704;6.12322961017883;0.436126049913285;0
TP_123,10,12.600473199851;17.4595174371026;0;0
TP_123,10,20.3813311396451;14.2404417994943;0;0
TP_123,10,2.06825005270571;4.75264811131654;0;0
TP_123,20,6.816719037547;14.48492092118;2.33044674732646;0.669459665540738
TP_123,20,14.1601698634986;19.3320512326288;2.10136701055833;0.61811702547785
TP_123,20,1.76486336183947;5.08123693474974;0;0
TP_123,40,1.44385940096485;16.5536266605548;6.29061994487503;4.67133367092865
TP_123,40,0;4.15838732631774;4.98868182539318;0
TP_123,40,0.664508305227283;9.54273949555175;13.4022022463271;6.7437207477435
MAL_1234,0,532.652662106147;1.6899623257554;0;0.188496347125303;0.129275727366454
MAL_1234,0,214.682232115501;1.19206656784122;0;0;0
MAL_1234,0,391.733864653314;0;0;0;0
MAL_1234,5,687.103594564251;8.11460657446377;3.96120670250858;0.0858814424242029;0
MAL_1234,5,742.541360463584;5.0352779714934;0;0;0
MAL_1234,5,853.793804034683;10.0165056031081;0;0;0.174442731356626
MAL_1234,10,846.783270155231;30.9394682887207;0;0;0
MAL_1234,10,641.337305647968;15.2468879870021;0;0.364083333892173;0
MAL_1234,10,421.196243635253;4.29181219870708;4.03380834424469;0;0
MAL_1234,20,786.024171081534;30.1194012770246;3.79616790769951;0.134609928888689;1.34300981748377
MAL_1234,20,780.399719954601;22.366772457668;4.38638864512428;0.405454132123722;1.57394766838018
MAL_1234,20,457.856637553507;6.0976350325496;0;0;0
MAL_1234,40,799.742758944418;21.8844943407507;12.8717592865075;2.84455516683992;0.354491557770173
MAL_1234,40,470.573011086815;9.00602570443703;5.2015427761083;5.65791930957474;0.388472388879173
MAL_1234,40,774.029114369581;35.5413677470521;4.49490782033728;4.29834199585909;1.80023636063263
ASP_1234,0,789.884242742247;28.5888039281795;0;0;0
ASP_1234,0,490.443384779269;0;0;0;0
ASP_1234,0,638.336327762629;10.4977721613165;0;0;0
ASP_1234,5,558.466574759233;4.95008921875931;0;0;0
ASP_1234,5,547.583265468653;8.52392107005482;0;0;0
ASP_1234,5,725.680071150605;13.7378360295327;0;0.153785930903926;0
ASP_1234,10,881.566422703346;22.8033134672615;0;0;0
ASP_1234,10,438.985737084562;40.6484963812136;0;0;0
ASP_1234,10,592.267142105904;0;0;0;0
ASP_1234,20,610.357398684883;8.24099314627623;0;0;0
ASP_1234,20,755.487264068905;44.7761004117828;0;0.0262573076505333;0
ASP_1234,20,512.460702299185;57.6081130753247;0;0;0
ASP_1234,40,445.273802469447;11.9077995632803;5.14539619047371;0;0
ASP_1234,40,161.007393532988;5.84104755884235;0;0;0
ASP_1234,40,583.752811326191;12.0361845333462;0;0;0
G6P_123456,0,182.559577232544;0;0;0;0;0;0
G6P_123456,0,125.27890718534;1.36902371628416;0;0;0;0;0
G6P_123456,0,121.599567251482;1.05584876047732;0;0.182488341938617;0;0;0
G6P_123456,5,128.58368304427;7.71773188443894;0;0;0;0;0
G6P_123456,5,87.0604941907284;3.33458989537415;3.99766634043852;0;0;0;0
G6P_123456,5,90.194841254358;5.47498106104876;1.43521908898817;0.504320978884188;0;0;0
G6P_123456,10,63.6525862907987;16.844643124139;2.15612169529844;0;0;0;0
G6P_123456,10,113.89827243411;16.7816935328608;3.09473367728914;0;0;0;0
G6P_123456,10,140.920803156944;15.4972902516355;1.33672811948263;0;0;0;0
G6P_123456,20,123.533234032469;33.1853091109139;12.6989803579285;0;0;0;0
G6P_123456,20,75.2906042765389;16.2564340276399;10.8053061764972;2.24377351740297;1.14304153321581;0.0898846070750115;0
G6P_123456,20,80.8678121248022;15.1352203853489;3.96486322099388;0;0;0;0
G6P_123456,40,25.4899814040428;22.7859880652521;32.436981581109;28.255480277863;16.6255586735613;11.3273318735322;1.89976783962562
G6P_123456,40,33.5039890048326;26.4780857360503;44.0728831240511;39.6709275396703;28.5995840587732;9.56065391666436;3.6726538819638
G6P_123456,40,37.6449184076466;34.8144667910015;51.942883523985;38.0501495759182;22.728112441118;13.5424380312157;6.91489989287979
F6P_123456,0,75.0747019193382;0.169717423576877;0;0;0;0;0
F6P_123456,0,70.1371072548229;0;0;0;0;0;0
F6P_123456,0,79.9518209499162;0.905971271911443;0;0;0;0;0
F6P_123456,5,68.5986682248065;6.0301337202112;0.0137726797296748;0;0;0;0
F6P_123456,5,85.919293583508;6.86219492675916;0;0;0;0;0
F6P_123456,5,87.1557063330546;5.98336920238956;0;0;0;0;0
F6P_123456,10,176.696711892784;21.486588118741;11.615040620386;0;0;0;0
F6P_123456,10,55.4327183201583;63.3536825606062;23.35613909905;0;0;0;0
F6P_123456,10,54.846870701493;2.4816694415693;0.31493349201967;0;0;0;0
F6P_123456,20,78.1707593721269;34.1326579161284;23.8954234855348;0.356181096835085;0;0;0
F6P_123456,20,72.6560485265763;15.5639438701064;6.48424390131537;1.93465130474386;0.470044761808394;0;0
F6P_123456,20,19.7180780233176;56.3814093682855;37.6177066614924;8.2326815151473;0;0;0
F6P_123456,40,16.0428041418061;10.5519324495467;18.1440257010558;12.0182156465459;10.5821122385124;0.773458836718607;0
F6P_123456,40,14.4831843528108;14.0416516096395;38.7650142045201;11.8991838773325;27.3181965541605;7.52362690596107;2.51115732689209
F6P_123456,40,24.2865951395102;25.3468792153411;28.5209503649196;31.2668260702756;21.9665447928922;8.7338966822655;2.92355969742425
G1P_123456,0,101.235938743512;0;0;0;0;0;0
G1P_123456,0,68.2747681647031;0.420446163643147;0;0;0;0;0
G1P_123456,0,89.4717634522116;0;0;0;0;0;0
G1P_123456,5,63.7074234007665;32.7093296616876;0;0;0;0;0
G1P_123456,5,74.4213522467704;19.83809527741;6.91988339929924;0;0;0;0
G1P_123456,5,72.7830302235384;28.2464753340844;4.41651728536421;0;0;0;0
G1P_123456,10,54.9560997361729;50.678579654692;16.7674401399672;2.63870028947808;0;0;0
G1P_123456,10,60.2762755819766;43.3423077057247;14.7271171263029;0;0;0;0
G1P_123456,10,18.141015241966;27.7925812341766;1.99945203275591;0;0;0;0
G1P_123456,20,36.3891222028392;28.6518937513744;19.9141924177885;3.69867861384344;0;0;0
G1P_123456,20,39.7545119694252;33.1842746894388;26.7610491814216;7.22835557573527;0.848791997837245;0.166470355789503;0.0485620079871464
G1P_123456,20,15.6205153359296;12.1553535883415;7.85573678760313;0;0;0;0
G1P_123456,40,6.95649598520232;9.37566779012122;21.7243922212061;24.0980789170752;17.282808233005;3.59561774527913;0.996890491152368
G1P_123456,40,3.74064550169617;0.984842390675409;9.80691031181141;7.80376385695352;5.69842399921923;0.974698289653643;1.25529455181398
G1P_123456,40,17.6835548586292;26.7620741136222;34.5918193188008;32.0104128527469;24.7603116832644;5.38595122162537;0.970770017160133
AKG_12345,0,13.8020805351327;0;0.56820921520445;0;0;0
AKG_12345,0,6.52876203075373;0;0;0;0;0
AKG_12345,0,12.7540566871183;0;0;0;0.533565256842384;0
AKG_12345,5,6.6264905536719;0.743185716632397;0;0;0;0
AKG_12345,5,5.07775508583696;0;0;0;0;0
AKG_12345,5,14.8505693002095;0.00673440127734542;0;0;0.248262797401805;0
AKG_12345,10,3.17899458434507;0;0;0;0;0
AKG_12345,10,3.5098654015844;0;0;0;0;0
AKG_12345,10,5.28816671057179;0;0;0;0;0
AKG_12345,20,14.6251725836245;1.26953743951512;0;0;0;0
AKG_12345,20,15.7511940150685;0.708682333031311;0.553616035465156;0;0.207260481966948;0
AKG_12345,20,2.50566868643041;0;0;0;0;0
AKG_12345,40,8.04427485231779;0;0;0;0;0
AKG_12345,40,0;0;0;0;0;0
AKG_12345,40,22.2584680189128;0;0;0;0;0
R5P_12345,0,4.38619070126865;0;0;0;0;0
R5P_12345,0,0;0;0;0;0;0
R5P_12345,0,3.91305259276658;0;0;0;0;0
R5P_12345,5,1.43524613326935;0.708446496733398;0;0;0;0
R5P_12345,5,2.12547593961002;0.71197889328793;2.39948469804881;0;0;0
R5P_12345,5,5.3231639700367;1.94636408861595;0.953229624137556;0;0;0
R5P_12345,10,3.36494369353375;0;0;0;0;0
R5P_12345,10,0.856898007356984;1.25675724234433;0.616160521475919;0;0;0
R5P_12345,10,0;0;0;0;0;0
R5P_12345,20,0;1.22985124772843;2.03324320969329;0;0;0
R5P_12345,20,1.35265391670469;4.13399274826825;2.72759278114423;0.806306422108549;0;0
R5P_12345,20,0;0;0;0;0;0
R5P_12345,40,0;0.780825214838007;0.371418261223638;1.41170362425361;0;0
R5P_12345,40,0;0;0.524245235394351;0.863546167414634;0;0
R5P_12345,40,0;0.853749909625011;0.920953804213835;0;0;0
P5P_12345,0,4.28583621114205;0;0;0;0;0
P5P_12345,0,0;0;0;0;0;0
P5P_12345,0,3.97104726665367;0.0353137774313496;0;0;0;0
P5P_12345,5,1.47934501541302;0.816207182106835;0;0;0;0
P5P_12345,5,1.8561762208526;0;0;0;0;0
P5P_12345,5,4.25389789508147;2.2859123310102;1.5439872028447;0;0;0
P5P_12345,10,6.16114065523056;6.58446601513597;0.278925687349666;0;0;0
P5P_12345,10,0.420726557354042;0.972737189271308;0;0;0;0
P5P_12345,10,0;0.926931036452176;0;0;0;0
P5P_12345,20,0.341471606352405;0;0;0;0;0
P5P_12345,20,1.54169489285355;4.09568038146932;2.29692771013316;0.812792361225713;0;0
P5P_12345,20,2.87306286665141;2.48805442049558;0.506659701192198;0;0;0
P5P_12345,40,0;0.765026110225855;2.62182282588698;0;0;0
P5P_12345,40,0;0;0;3.03409292867897;1.17513760658019;0
P5P_12345,40,0;0;0.921732898714332;0.376603636653004;0;0
SUC_1234,0,25.4654077559531;0.100110767843549;0;0;0
SUC_1234,0,23.7215997122619;0;0.179267846815264;0;0
SUC_1234,0,20.484623463381;0;0;0;0
SUC_1234,5,15.9973326704527;0;0;0;0
SUC_1234,5,35.9192916468508;0;0;0;0
SUC_1234,5,27.4675050747309;0;0;0;0
SUC_1234,10,33.673994408647;0;0;0;0
SUC_1234,10,9.65680331615847;0;0;0;0
SUC_1234,10,9.15833447475038;0;0;0;0
SUC_1234,20,14.2837063814307;0;0;0;0
SUC_1234,20,22.8093260786861;0.20446987026072;0;0;0
SUC_1234,20,10.7190419158161;0;0;0;0
SUC_1234,40,17.481619286318;0;0;0;0
SUC_1234,40,7.92481894123558;0;0;0;0
SUC_1234,40,16.2898697763014;0;0;0;0
RUBP_12345,0,383.112822718262;3.23295175284292;0;0;0.900480714059757;0
RUBP_12345,0,183.392685804937;0;0;0;0;0
RUBP_12345,0,384.374927034608;0.537502266175805;0;0;0;0
RUBP_12345,5,505.290823668002;162.646097451921;6.87325908410443;0;0;0
RUBP_12345,5,437.20105255045;145.935429782026;12.4219655824976;3.82423454444383;0;0
RUBP_12345,5,513.732167491593;174.270413997882;7.61183567387889;0;0.203439495385712;0.663244027646616
RUBP_12345,10,536.650517643182;463.892408313004;163.507854915893;29.7857564252222;0;0
RUBP_12345,10,316.754501093471;265.723854963143;73.8682911703529;0.748368981689834;0;1.61683322368507
RUBP_12345,10,201.025018526106;231.177360008907;50.3185280725715;8.50953340980255;0;0
RUBP_12345,20,214.02318871902;354.503427006909;178.381455288534;62.6772242300625;4.26618088409724;0
RUBP_12345,20,277.079051888597;420.96985601919;223.1116224756;81.327818163427;13.5163312709898;0
RUBP_12345,20,208.204394799809;297.981970675026;143.03749215299;39.5463649173329;2.7247867315147;7.01451704820052
RUBP_12345,40,54.0077285095205;222.22977030255;212.666211496526;235.384644990829;82.4735759439068;40.1296539237208
RUBP_12345,40,34.0329310700676;150.611764231202;202.920318605483;213.968230493458;42.9099894228597;47.4502014102031
RUBP_12345,40,55.6885941836499;238.995652655562;204.660417413281;240.669215497752;116.097571664286;28.2366609274833
PGA_123,0,1.99201E+021;2.45172E+018;0;0
PGA_123,0,4.58352E+020;0;0;0
PGA_123,0,1.69186E+021;0;0;0
PGA_123,5,4.55594E+020;8.12259E+019;0;0
PGA_123,5,4.56945E+020;6.91113E+019;0;0
PGA_123,5,1.90214E+021;3.02448E+020;0;0
PGA_123,10,1.93433E+020;3.21814E+019;2.15677E+018;0
PGA_123,10,3.40241E+020;6.1408E+019;0;0
PGA_123,10,8.21038E+019;2.02933E+019;0;0
PGA_123,20,4.12253E+020;1.33801E+020;9.24717E+018;5.94136E+018
PGA_123,20,1.88551E+021;6.17341E+020;1.0498E+020;2.53111E+019
PGA_123,20,9.35625E+019;2.94496E+019;7.40655E+018;0
PGA_123,40,2.82867E+020;1.64185E+020;6.4029E+019;3.36136E+019
PGA_123,40,5.84503E+019;4.53193E+019;1.52758E+019;1.13653E+019
PGA_123,40,2.76611E+020;1.53617E+020;1.04202E+020;2.51501E+019
PEP_123,0,2.20081E+020;0;0;0
PEP_123,0,9.56204E+018;0;0;0
PEP_123,0,1.98082E+020;0;0;0
PEP_123,5,4.71853E+019;7.52377E+018;0;0
PEP_123,5,2.89004E+019;6.29574E+018;0;0
PEP_123,5,1.37991E+020;3.46491E+019;0;0
PEP_123,10,3.10347E+018;3.34024E+018;0;0
PEP_123,10,2.74308E+019;5.42813E+018;0;0
PEP_123,10,3.61722E+018;0;0;0
PEP_123,20,2.87968E+019;2.03306E+019;3.06788E+018;2.06714E+018
PEP_123,20,1.32601E+020;8.57309E+019;1.41842E+019;0
PEP_123,20,6.60535E+017;5.44976E+018;5.10502E+018;0
PEP_123,40,3.33307E+018;2.49179E+019;1.05135E+018;5.86457E+018
PEP_123,40,4.93829E+017;3.32724E+018;1.71142E+018;0
PEP_123,40,7.77155E+018;2.438E+019;7.10319E+018;5.00079E+018
