met,time,level
S7P,0,136.1055005;132.5931405;93.41371745
S7P,5,134.4878663;153.3161068;191.7971868
S7P,10,193.7069419;149.4545858;127.2489532
S7P,20,469.4482806;228.8397686;289.201951
S7P,40,254.4157154;246.8363634;406.5904884
UDPG,0,199.9547893;237.2805515;152.098321
UDPG,5,264.7802479;229.4865807;256.7058606
UDPG,10,179.6002351;168.181634;205.0629065
UDPG,20,206.2564042;154.077109;156.7638488
UDPG,40,185.3707434;170.5701819;219.4769762
ADPG,0,17.27888527;16.4605884;22.37759314
ADPG,5,23.24883769;20.18224895;28.13392378
ADPG,10,12.86921369;9.81250575;13.18949696
ADPG,20,24.58657752;8.552846447;14.24630636
ADPG,40,19.78942162;27.41498327;35.86546432
GLU,0,1229.731277;1943.338189;1021.845708
GLU,5,1772.860421;1584.58971;1661.002512
GLU,10,1060.825824;944.4540887;1134.005941
GLU,20,1646.973946;872.7632315;1250.114868
GLU,40,1284.192532;1207.131046;1622.676909
PG,0,5.228698232;5.574299286;112.3565686
PG,5,10.38130128;5.624088599;12.39243708
PG,10,0;0;4.230881172
PG,20,0.592710681;0.291551546;0.657656842
PG,40,3.893980681;3.901264666;7.612713633
SBP,0,75.6169232;98.98126707;38.21893493
SBP,5,48.06132534;43.46109208;53.20023265
SBP,10,11.49212604;34.43594765;57.40074577
SBP,20,57.84496441;58.26102952;57.20287555
SBP,40,37.79818596;43.34871432;73.0017262
TP,0,35.14680624;39.25205669;36.68384468
TP,5,50.92244602;37.68389033;50.05867547
TP,10,13.00075209;4.003426094;32.5051949
TP,20,13.78546072;25.73676422;25.25498901
TP,40,52.94237803;43.73667701;66.74659799
MAL,0,772.5110888;660.3178361;503.1139512
MAL,5,774.0063812;869.6441273;1198.082977
MAL,10,369.1315376;355.1204966;393.1909139
MAL,20,732.5082761;560.247874;600.4447897
MAL,40,546.2735683;554.5582946;757.6683979
ASP,0,969.8601332;1657.772345;1060.402336
ASP,5,1590.911181;1283.060143;1387.189032
ASP,10,1028.710948;1033.426721;985.4603986
ASP,20,1725.040199;742.2302589;1619.693763
ASP,40,1110.995028;1078.853885;1558.143017
G6P,0,205.8659432;210.698411;101.5666436
G6P,5,142.6844983;225.1349941;353.6226279
G6P,10,199.3338826;178.6570155;81.8968029
G6P,20,430.5913591;166.9226713;337.6862241
G6P,40,117.017025;79.18164586;281.1065089
F6P,0,233.2711224;225.9690352;138.426891
F6P,5,271.8766986;247.7925531;328.5768476
F6P,10,234.5877105;172.2417801;146.8222783
F6P,20,377.0733291;218.68002;371.6041008
F6P,40,232.4479221;232.6071298;356.6941242
G1P,0,198.7188962;172.9315602;91.24044601
G1P,5,177.549421;242.0315634;289.4675484
G1P,10,90.06792364;56.68342665;105.1469057
G1P,20,224.5764992;220.862468;117.6494739
G1P,40,159.5485124;175.892685;126.0470938
AKG,0,23.54735686;43.72050968;10.02883241
AKG,5,40.25959505;36.7909896;55.69532685
AKG,10,16.82045773;0;24.95391736
AKG,20,23.99384011;20.7471094;43.15096877
AKG,40,54.82889206;48.48935711;65.10522333
P5P,0,3.077966261;10.24665236;1.164507148
P5P,5,17.00737581;6.675608784;11.94108489
P5P,10,7.233580209;6.497713018;8.944852279
P5P,20,9.812535134;2.941968743;10.15772873
P5P,40,12.02207543;12.97120018;20.88584381
SUC,0,28.21110639;28.60835119;25.5887392
SUC,5,60.20792476;39.14124365;44.10095963
SUC,10,36.87730157;14.86610909;48.2209846
SUC,20,42.00652181;30.71494195;49.96852399
SUC,40,65.93598303;45.55151528;72.92974046
RUBP,0,406.6890725;392.5488712;233.7558252
RUBP,5,480.6881517;350.9948103;581.2540936
RUBP,10,332.5282624;351.5417445;361.7129635
RUBP,20,628.9115289;440.4288425;594.0643012
RUBP,40,489.244753;429.0497616;620.6519661
