ReactionID,ReactantIDs(atoms),ProductIDs(atoms),Rev
#Acetate metabolism,,,
ACE_ACA.m,ACE(ab),ACA.m(ab),0
ACETATE-IN,ACE_in(ab),ACE(ab),0
ACE_ACA.p,ACE(ab),ACA.p(ab),0
#CO2 assimilation,,,
CO2.IN,CO2_in(a),CO2(a),0
#Photosynthesis,,,
PGK,PGA.p(abc),TP.p(abc),0
42TK,F6P(abcdef)+TP.p(xyz),E4P(cdef)+P5P.p(abxyz),1
PRK,P5P.p(abcde),RUBP(abcde),0
RUBISCO_CO2,RUBP(abcde)+CO2(f),PGA.p(cde)+PGA.p(fba),0
52TK,S7P(abcdefg)+TP.p(xyz),P5P.p(cdefg)+P5P.p(abxyz),1
SBPase,SBP(abcdefg),S7P(abcdefg),0
34ALDO,TP.p(abc)+E4P(defg),SBP(cbadefg),0
33ALDO.p,TP.p(def)+TP.p(cba),F6P(abcdef),0
#OPPP,,,
PGDH,G6P.c(abcdef),CO2(a)+P5P.c(bcdef),0
#Photorespiration,,,
GGT,GLYOX(ab),GLY.c(ab),1
GDC,GLY.c(ab)+GLY.c(cd),SER.c(cdb)+CO2(a),1
RUBISCO_O2,RUBP(abcde),PGA.p(cde)+PG(ba),0
SGT,SER.c(abc),PGA.p(abc),0
PGP,PG(ab),GLYOX(ab),0
#Glycolysis,,,
ENO.c,PGA.c(abc),PEP.c(abc),1
PGI.p,F6P(abcdef),G6P.p(abcdef),1
PK.c,PEP.c(abc),PYR.c(abc),0
Ppdk.p,PYR.p(abc),PEP.p(abc),1
GAPDH.c,TP.c(abc),PGA.c(abc),1
#Glyoxylate,,,
MALSYN,GLYOX(ab)+ACA.m(cd),MAL(abdc),0
ICITLY,ICI(abcdef),SUC(fcde)+GLYOX(ab),0
#TCA,,,
AKGDH,AKG(abcde),SUC(bcde)+CO2(a),0
ACONase,CIT(abcdef),ICI(abcdef),1
FUMase,FUM(abcd),MAL(abcd),1
ICITDH,ICI(abcdef),AKG(abcde)+CO2(f),0
ME.p,MAL(abcd),PYR.p(abc)+CO2(d),0
MDH,MAL(abcd),OAA(abcd),1
CITSYN,OAA(abcd)+ACA.m(ef),CIT(dcbfea),0
PEPC,PEP.c(abc)+CO2(d),OAA(abcd),1
PDH.m,PYR.c(abc),ACA.m(bc)+CO2(a),0
PDH.p,PYR.p(abc),ACA.p(bc)+CO2(a),0
SUCDH,SUC(abcd),FUM(abcd),1
ME.c,MAL(abcd),PYR.c(abc)+CO2(d),0
#Transporter,,,
P5P_T,P5P.p(abcde),P5P.c(abcde),0
HP.t,G6P.p(abcdef),G6P.c(abcdef),0
PYR.t,PYR.c(abc),PYR.p(abc),0
TP.t,TP.p(abc),TP.c(abc),0
PEP.t,PEP.c(abc),PEP.p(abc),0
#Amino acid biosynthesis,,,
SERsyn.p,PGA.p(abc),SER.p(abc),0
GDH,AKG(abcde),GLU(abcde),0
METsyn,ASP(ABCD)+C1(a),MET(ABCDa),0
Shikimat1,E4P(abcd)+PEP.p(ABC),Shikimat(ABCabcd)+Sh,0
THRsyn,ASP(ABCD),THR(ABCD),0
ARGsyn,CO2(A)+GLU(abcde),ARG(abcdeA),0
Shikimat2,E4P(abcd)+PEP.p(ABC)+Sh,Shikimat(ABdcbaC),0
PROsyn,GLU(ABCDE),PRO(ABCDE),0
LYSsyn1,OAA(ABCD)+PYR.c(abc),LYS(ABCDcb)+CO2(a)+Ly,0
LYSsyn2,OAA(ABCD)+PYR.c(abc)+Ly,LYS(abcDCB)+CO2(A),0
ALAAT,PYR.c(abc),ALA(abc),0
ASPAT,OAA(abcd),ASP(abcd),0
VALsyn,PYR.p(ABC)+PYR.p(abc),VAL(abBCc)+CO2(A),0
HISsyn,P5P.p(abcde)+C1(f),HIS(edcbaf),0
GLYsyn.p,SER.p(abc),GLY.p(ab)+C1(c),0
PHEsyn,Shikimat(ABCDEFG)+PEP.p(abc),PHE(abcBCDEFG)+CO2(A),0
TYRsyn,Shikimat(ABCDEFG)+PEP.p(abc),TYR(abcBCDEFG)+CO2(A),0
ILEsyn,THR(ABCD)+PYR.p(abc),ILE(ABbCDc)+CO2(a),0
LEUsyn,VAL(ABCDE)+ACA.p(ab),LEU(abBCDE)+CO2(A),0
#Protein biosynthesis,,,
ALAprot,ALA(abc),ALAprot(abc),1
ARGprot,ARG(abcdef),ARGprot(abcdef),0
ASXprot,ASP(abcd),ASXprot(abcd),1
GLXprot,GLU(abcde),GLXprot(abcde),1
GLYprot,GLY.c(ab),GLYprot(ab),1
HISprot,HIS(abcdef),HISprot(abcdef),1
ILEprot,ILE(abcdef),ILEprot(abcdef),0
LEUprot,LEU(abcdef),LEUprot(abcdef),1
LYSprot,LYS(abcdef),LYSprot(abcdef),1
METprot,MET(abcde),METprot(abcde),0
PHEprot,PHE(abcdefghi),PHEprot(abcdefghi),1
PROprot,PRO(abcde),PROprot(abcde),0
SERprot,SER.c(abc),SERprot(abc),1
THRprot,THR(abcd),THRprot(abcd),1
TYRprot,TYR(abcdefghi),TYRprot(abcdefghi),0
VALprot,VAL(abcde),VALprot(abcde),0
CYSprot,SER.c(abc),CYSprot(abc),0
#Starch biosynthesis,,,
Starch_produce,ADPG(abcdef),Starch(abcdef),0
G1PadT,G1P.p(abcdef),ADPG(abcdef),0
PGM.p,G6P.p(abcdef),G1P.p(abcdef),1
Turnover_P,Starch(abcdef),G6P.p(abcdef),0
STARCH_OUT,Starch(abcdef),Starch_out(abcdef),1
#Lipid biosynthesis,,,
ACP,ACA.p(ab)+ACA.p(cd),ACP(abcd),0
FA2,ACP(abcd),TAG(abcd),0
G3P.TAGout,G3P.c(abc),G3P_TAG(abc),0
G3P.c,TP.c(abc),G3P.c(abc),0
#lipid,TAG+G3P.TAG,lipid,0
#Neucleotide biosynthesis,,,
PYRIMIDINE,ASP(abcd)+CO2(e),PYRIMIDINE(edcb)+CO2(a),0
PURINE,C1(a)+C1(b)+CO2(c)+GLY.p(de),PURINE(adecb),0
GLYDH,GLY.p(ab),CO2(a)+C1(b),0
PUnucOUT,PUnuc(abcdefghij),PUnucOUT(abcdefghij),0
PUnuc,PURINE(abcde)+P5P.c(fghij),PUnuc(abcdefghij),0
THYMIDINE,PYnuc(abcdefghi)+C1(j),Thymidine(abcdefghij),0
PYnucOUT,PYnuc(abcdefghi),PYnucOUT(abcdefghi),0
PYnuc,PYRIMIDINE(abcd)+P5P.c(efghi),PYnuc(abcdefghi),0
#Cellwall biosynthesis,,,
GLPUrT,G1P.c(abcdef),UDPG(abcdef),1
PGM.c,G6P.c(abcdef),G1P.c(abcdef),1
WALL,UDPG(abcdef),WALL(abcdef),0
#Subcellular compartment,,,
#G-PGA.c,0*PGA.c(abc),PGA.t(abc),0
#G-PGA.p,0*PGA.p(abc),PGA.t(abc),0
#G-ACA.m,0*ACA.m(ab),ACA.t(ab),0
#G-ACA.p,0*ACA.p(ab),ACA.t(ab),0
#G-G1P.c,0*G1P.c(abcdef),G1P.t(abcdef),0
#G-G1P.p,0*G1P.p(abcdef),G1P.t(abcdef),0
#G-G6P.c,0*G6P.c(abcdef),G6P.t(abcdef),0
#G-G6P.p,0*G6P.p(abcdef),G6P.t(abcdef),0
#G-GLY.c,0*GLY.c(ab),GLY.t(ab),0
#G-GLY.p,0*GLY.p(ab),GLY.t(ab),0
#G-PEP.c,0*PEP.c(abc),PEP.t(abc),0
#G-PEP.p,0*PEP.p(abc),PEP.t(abc),0
#G-PYR.c,0*PYR.c(abc),PYR.t(abc),0
#G-PYR.p,0*PYR.p(abc),PYR.t(abc),0
#G-SER.c,0*SER.c(abc),SER.t(abc),0
#G-SER.P,0*SER.p(abc),SER.t(abc),0
#G-TP.c,0*TP.c(abc),TP.t(abc),0
#G-TP.p,0*TP.p(abc),TP.t(abc),0
#G-F6P.c,0*F6P.c(abcdef),F6P.t(abcdef),0
#G-F6P.p,0*F6P.p(abcdef),F6P.t(abcdef),0
#G-P5P.c,0*P5P.c(abcde),P5P.t(abcde),0
#G-P5P.p,0*P5P.p(abcde),P5P.t(abcde),0
