Mean absolute levels (nmol g-1 DW),,,,,,,,,,,,,,,,,,
Repeat,Light (uE),Labeling time (sec),S7P,UDPG,ADPG,GLU,PG,SBP,TP,MAL,ASP,G6P,F6P,G1P,AKG,P5P,SUC,RUBP
1,50,0,320.2215804,164.0363113,64.37470846,1743.553715,6.493946804,89.59586432,43.73750732,1182.223099,1809.780092,403.6696014,166.3779311,223.8495052,31.77510171,9.476696984,56.52961531,856.2659042
2,50,0,175.6114936,96.5738867,48.97261798,1598.827091,0,11.73225441,12.19788995,477.3339938,1084.451929,280.0396482,155.0848143,151.8965491,14.43617917,0,52.84879504,405.5117431
3,50,0,273.722868,155.9434816,63.17821149,1567.651961,15.85306292,54.51503352,39.0686218,866.1887555,1434.680155,271.6150456,178.7900326,197.8369562,29.38114305,8.858730888,45.29491092,851.1054269
1,50,5,343.4268688,154.6446879,55.66647385,1249.66985,2.457541865,82.19519924,26.20785118,1546.191906,1245.807991,301.3851076,165.0471523,213.1934838,16.29558048,5.075847866,35.37276433,1492.11759
2,50,5,314.8264869,153.7976099,53.2564387,1566.832554,0,134.6345654,27.21472333,1653.016337,1229.64552,208.7180772,205.155309,223.7243359,11.22776138,4.104314474,79.42353045,1325.334842
3,50,5,350.0808937,202.5965026,69.1344108,1740.418701,2.092865723,112.6256404,45.71048372,1910.414046,1635.316071,215.8305415,205.9459934,233.1587017,33.40092095,17.87462118,60.73522405,1540.035601
1,50,10,479.5935214,191.5594064,87.60661622,1925.08525,2.371924432,38.45913171,66.46764099,1940.791019,1999.711965,182.760312,463.8990395,276.4860582,7.02928598,28.7994082,74.45880466,2639.771227
2,50,10,380.8838591,166.0898244,43.93330995,1283.142139,4.362031123,54.92903866,76.55450069,1452.62195,1060.551097,295.7981197,314.300807,261.6820352,7.76089641,3.081180203,21.35279893,1456.521502
3,50,10,372.7174831,130.2092061,75.29119155,1026.196097,0,108.9722104,15.08214077,949.74431,1309.601199,348.8221593,127.4593115,105.9879458,11.6930165,2.049598754,20.25060138,1085.750006
1,50,20,525.7914093,181.3368096,58.83520336,1593.079,4.41559792,30.71384054,53.73476257,1816.290459,1367.823973,374.6103339,301.9458748,196.0284953,35.14584859,0.755050539,31.58365148,1799.561031
2,50,20,460.2800962,212.1839967,60.07513807,2043.591048,8.771949786,120.0322336,80.07010532,1789.126109,1769.573514,234.0056255,214.7240074,238.7883157,38.07794995,19.34128324,50.88733211,2246.5554
3,50,20,327.4974303,121.842411,47.67016989,901.7922418,0,30.20528626,15.13786688,1025.880094,1260.517005,221.0456511,269.6514662,78.78740898,5.540450385,12.97463126,23.70158522,1544.520788
1,50,40,401.6756273,156.3682519,90.14760378,1603.553775,1.216453132,26.42730342,64.0341397,1852.289794,1022.28192,306.9565278,150.6081791,185.8042043,17.78723019,7.488886536,38.65476901,1872.618209
2,50,40,467.5211893,99.9010605,71.93057,654.5662751,0,0,20.22569188,1085.300102,368.9296652,410.3013317,257.6937862,66.92001968,0,9.307309088,17.52309329,1529.89151
3,50,40,454.9717201,183.8546467,85.057239,2339.798715,1.313621127,16.49352317,67.1159111,1813.519001,1317.388603,454.6995438,316.2968534,314.3502356,49.21717638,2.87083811,36.01961255,1955.440823
1,100,0,24.34639111,90.56566832,5.426418724,975.4646889,2.474556108,35.12829638,46.42129289,308.2887152,529.354583,162.2429828,37.03965088,38.12551557,21.56189046,19.4977369,57.43255831,175.374822
2,100,0,42.41196232,130.1656344,11.92599785,957.4749047,4.538608766,51.41552628,45.50945217,144.4279353,337.2476056,112.3034963,24.09906654,32.44033553,28.35920302,17.24192962,37.92222446,215.2704498
3,100,0,27.89679153,89.09219291,5.747902695,1128.756729,1.899751233,51.27666452,62.9770943,330.1029081,639.3019256,193.762519,53.13719126,39.32404497,16.535527,25.47255864,42.94982686,214.342471
1,100,5,20.84865034,101.4872951,10.46571779,887.9716532,3.471692395,33.23646342,31.29082781,247.8985157,541.0815082,104.538614,23.27359017,24.4094184,30.65399796,11.12787798,31.50663714,353.714701
2,100,5,20.8860877,114.4645954,8.545415324,752.756706,4.924195908,26.08541047,51.11782083,389.7943727,724.4777934,144.1921811,48.89555865,38.42764758,34.28813593,32.93288595,70.76490594,335.9119847
3,100,5,20.18031702,91.54639006,7.355930299,598.0848927,2.50590536,20.37368076,49.52171025,226.8732528,516.6441087,129.4422416,44.89340963,29.46410746,13.05871695,17.34716744,53.23717358,261.8053379
1,100,10,39.20650501,85.59169825,5.725158139,412.930396,5.535291882,21.17738864,33.01259878,147.4881458,339.6844435,117.8155194,48.02554504,33.63085795,15.56944081,10.36570874,46.61963434,227.1196546
2,100,10,30.60396303,77.32462376,5.448705793,433.7401752,2.22826924,18.71755936,37.98883749,123.95624,384.2997917,113.6565503,34.89252514,34.67390402,13.71250665,17.66217692,42.49815943,221.4620442
3,100,10,31.74810526,83.37188877,5.987442181,429.72825,3.282976383,24.27987537,35.08744693,137.811888,341.9948411,120.6262791,40.24365278,28.03660003,11.40676802,16.65816548,39.19597337,272.2712848
1,100,20,76.06708066,100.324808,4.845234635,420.4690444,3.386142614,36.48898773,36.66888925,152.2691239,365.5519813,120.7726409,67.8299744,53.85724395,21.06811122,11.24180231,73.96546311,240.1014961
2,100,20,95.036509,118.2733215,5.294906057,672.1732324,3.626738204,56.01204588,35.36266532,167.7315199,375.436831,120.6718674,42.59136239,42.02788974,28.25068987,8.204833068,26.62947366,201.2785071
3,100,20,62.05588559,98.64474123,5.685302079,448.6933036,2.981185253,27.09599212,48.73466981,176.932361,372.2448008,140.2907824,67.4840605,35.67829079,15.54880596,14.47899667,30.59503736,331.4021203
1,100,40,153.4298529,140.1109937,14.50401072,561.7475052,7.148615321,64.46806409,66.12126033,263.2684936,500.2824906,213.7731912,129.9494262,75.4714293,33.25510478,16.1689882,54.52215233,390.6669817
2,100,40,134.2188884,135.6257344,13.61815648,594.236581,1.76972702,63.28540344,57.52921721,267.8165898,510.4441285,185.6085647,101.7805662,78.53351942,26.76980364,16.05713,44.36665111,255.9141084
3,100,40,138.4928947,122.4377961,14.0610836,577.9920431,1.601875453,63.87673376,61.82523877,265.5425417,505.3633096,199.6908779,115.8649962,54.27771472,42.18399105,16.1130591,49.44440172,323.290545
1,300,0,216.7173718,290.4420605,30.93368427,1735.608495,3.187571844,123.4443951,101.5143827,1722.545071,1337.581915,296.8016268,203.2274282,224.9246802,99.69229644,46.61632831,27.14416083,944.2832142
2,300,0,358.8617959,311.6845399,37.72232177,1814.533095,1.580167082,132.630699,124.916556,2121.708501,1470.734816,460.8255397,386.5152496,469.8648916,141.7585738,33.55646696,30.36443032,1126.077638
3,300,0,281.2709301,318.9552037,25.79394242,2395.279895,0.7744888,158.2766799,111.8555603,2276.287236,1833.695764,519.0085248,306.665935,390.975719,109.2348777,32.22353956,24.02136653,1238.450151
1,300,5,170.6675174,239.3780164,53.93901794,1651.728888,2.510728655,33.83976788,63.15953167,1342.463681,1306.810887,218.0895454,430.0866814,158.1777815,34.87179724,50.05373817,14.21367613,1716.18935
2,300,5,130.1678185,236.5406811,39.88215874,1721.531535,9.502983657,84.36317988,110.4932929,1521.381149,1466.403868,532.6950957,855.9729014,127.0263138,48.93692397,62.04168067,22.87075888,1442.830536
3,300,5,138.5242577,179.5679134,50.57564601,1291.327131,0.711123225,7.029016691,46.61276191,1139.617378,1552.991051,86.82593029,333.5133069,98.37772209,18.36160629,23.9071578,14.95467066,1179.7939
1,300,10,308.5005321,300.8401636,45.49272826,2196.162113,12.33422227,175.2716827,133.0824247,2017.405857,1988.842502,211.8296135,438.705851,232.1831206,92.87756993,65.98758225,26.22565809,1751.949601
2,300,10,350.6475045,303.4671016,43.80052023,1881.937153,7.450442078,80.01569033,161.1497938,2202.505273,1737.136818,493.1085071,517.3720338,378.5236696,94.27301191,36.72627372,24.3181234,1827.729003
3,300,10,215.1010189,171.9400235,35.07841953,981.7089284,0.536246068,54.395936,64.76266892,1106.120404,1243.457931,132.1658967,393.3733614,104.6049035,26.30935497,39.56419414,11.99535452,1021.182077
1,300,20,350.3109078,277.5864889,39.62611168,2040.027871,1.610903711,120.8438681,172.9369508,1404.775482,1914.167348,363.1606923,289.1543994,248.6088783,75.5521457,54.21164036,22.81627573,1555.169782
2,300,20,485.9851796,240.9971488,64.73420865,1460.223908,0,85.3044305,77.11227902,1275.484641,1702.179366,458.5662604,374.777751,218.3488116,79.63927406,33.99382335,10.6158488,1281.071703
3,300,20,419.3587109,344.5223618,53.22190316,2331.424962,7.264883278,133.5339332,195.455723,1924.155472,2073.252539,1060.189125,428.7943653,312.8906701,118.1028993,69.20237117,64.75072009,1876.479892
1,300,40,511.8162538,355.5828934,84.60472277,2224.621813,6.881207453,127.3476935,221.8660773,1578.50177,1686.889512,491.1839472,326.2642669,347.0724854,127.6077466,63.07973648,38.09847066,1716.458808
2,300,40,493.0995576,285.1938495,70.06898934,2231.137958,2.04148769,107.0417561,248.8621526,1641.513871,1609.859602,499.5936394,422.3256771,404.3463127,128.4770008,46.99282458,26.66232106,1662.425144
3,300,40,833.1548817,289.096377,107.9515517,2203.028402,0,94.1752682,96.94143111,1570.180413,2119.336535,959.7538055,502.5976256,392.2573666,135.0993804,79.1800234,48.8740547,2034.511394
1,600,0,151.0303079,173.6698769,27.33140896,1475.438069,0,72.59402823,29.27976171,895.4570012,2145.377651,186.4425583,276.8353927,103.9401079,45.16602596,11.66059366,73.19024231,544.3423874
2,600,0,172.4044816,194.8800516,19.98913926,1613.657847,1.422900586,102.474135,62.95331818,1256.138392,1421.815222,252.1711314,243.5759767,239.6205128,37.81825795,9.067628966,47.09951853,733.9523506
3,600,0,104.5588528,201.5646759,10.53940547,1903.121921,0,25.01013248,19.87942078,1014.016127,1550.866886,231.6433446,106.6127414,51.09889103,2.226827528,3.182477834,21.95001653,612.2468543
1,600,5,161.1555057,259.4470422,21.16741127,2148.901651,4.367999688,77.97976305,82.25645381,1191.696509,1996.668489,192.0546564,240.3895615,186.3303603,57.6411936,22.41963754,41.64474179,820.6119013
2,600,5,131.3156149,133.3247977,28.29750452,1054.745258,0,33.17459237,28.21502058,717.9281163,1336.004273,220.6149808,260.0552452,103.6746603,3.631986147,6.008500609,31.2871521,610.1593982
3,600,5,157.9762077,219.9022818,16.29557559,1899.90894,3.900468034,31.05794236,73.56000274,1269.036476,1608.917598,267.5307721,262.4046277,206.4041504,56.70579353,6.943390464,42.97824837,699.4524874
1,600,10,305.8086273,259.4070701,25.21949912,2067.272069,6.127568094,137.0052166,72.62975493,1226.376133,1920.701195,181.1329726,345.0861443,269.3952009,53.45650014,31.77008591,50.9786821,892.6744636
2,600,10,360.7899115,197.0165324,27.88067081,1561.300603,0,41.53779953,22.33861371,822.6466519,1970.031222,343.7867473,353.0769715,172.8767675,38.40804891,13.16388768,34.73683077,671.0173502
3,600,10,272.1903921,197.5477536,16.27711668,1743.74966,0.446920323,90.29585992,39.7596728,1123.348074,1697.449715,307.4404249,334.2028762,185.2807517,34.9835363,7.505118331,69.55170581,707.2117202
1,600,20,262.737217,183.2269494,21.10049859,1760.831663,4.152592807,64.57815649,62.05652278,672.7591159,1603.178453,156.9356216,265.824045,199.1479777,42.86504532,20.03791645,37.17491556,737.1869674
2,600,20,392.8920894,189.0556592,37.05166185,1560.444678,3.39557598,33.58092677,36.62751203,980.4221545,2228.490764,253.8597273,273.0527615,216.7312432,38.10532093,20.342763,19.21615118,1352.52048
3,600,20,353.6950428,183.7503401,16.55107421,1368.65355,0.700462689,50.92728451,64.52421333,983.1340788,1201.097323,286.3786245,229.2794173,250.6234044,41.4595457,3.072863592,30.36038888,879.9302588
1,600,40,329.3924443,135.8118816,38.09856804,1261.689218,3.7536478,29.76122755,15.16494239,708.6385372,1629.637866,167.62161,265.0002413,125.9988423,40.10998856,11.03570557,15.56554923,592.4824893
2,600,40,403.7530173,251.3922596,38.12282996,2126.443627,1.997992223,90.72552299,87.80384678,982.8642118,1926.49257,329.8139457,278.00938,148.2149301,100.5782701,31.29784566,38.66191629,922.0141259
3,600,40,432.8196417,149.1821617,52.82490588,1054.406658,0,20.22206483,31.46462685,718.6402958,1080.969823,368.7790789,312.9688549,132.4600007,52.31226478,10.4576428,13.56740965,852.6668539
1,1000,0,134.5333652,139.9049067,16.32133625,1977.867617,6.736465011,54.44283079,41.68326498,1049.695846,1234.747623,177.4357362,273.5027936,191.5877563,54.67910288,5.116301396,44.72687013,540.5850737
2,1000,0,154.0740408,217.4025701,24.94653491,2303.020604,13.42679032,84.01095767,58.89361253,1137.830122,1760.811106,180.7368364,225.8518245,211.0131367,69.54945518,23.59652245,53.00567133,710.2856039
3,1000,0,155.5389574,156.8481112,34.09869112,2207.329082,0.459834136,42.21087327,43.42431698,1306.650422,2869.559657,285.2303073,291.3243953,225.1975531,66.80292712,16.87415522,66.30263749,918.8979137
1,1000,5,243.1907619,274.9207101,28.79358247,3211.434117,11.10679471,122.6046441,133.8075937,1450.880379,2438.284119,186.0318786,344.2967906,300.9391545,121.5013124,35.74606726,50.03735868,827.1266812
2,1000,5,234.7375445,201.4223956,24.17187624,2882.617065,6.515873215,93.2074785,111.7972344,1362.238768,1815.120974,295.4576089,349.3050458,289.3748564,106.6401434,6.075629633,68.19920367,771.1478818
3,1000,5,183.8636878,144.9202962,26.46789613,1563.936194,1.020858435,24.27206485,29.81262813,822.4082627,1517.065681,301.1167327,290.8846051,131.9974202,17.06278864,10.6804696,45.49755775,753.1264407
1,1000,10,326.6900104,208.3320487,19.34336254,2127.465575,14.14557433,140.8550865,75.98164547,1012.870597,1612.236086,256.151548,243.2197893,248.1095967,78.36375131,23.59818955,72.86047776,766.3810497
2,1000,10,306.3692233,181.3497789,14.86710948,1692.214973,0.565601997,113.651242,64.86030625,1011.413228,1222.237228,275.4434791,266.3121509,321.6732515,56.5646035,9.615494667,41.3380663,677.1051814
3,1000,10,287.9302467,138.0426689,19.58441697,1190.615649,0,27.83475879,19.04286833,686.7725852,1078.230441,275.0125422,289.1343678,125.9270359,32.90582644,5.222144682,22.66360177,508.2944169
1,1000,20,391.3116482,191.5356196,24.50261277,1925.987643,2.398988493,56.79534745,79.91541636,1074.487177,1500.307677,261.4622964,366.692184,362.7490541,87.37694442,14.26314502,40.09656481,866.4188234
2,1000,20,433.1592979,233.4736093,21.6360751,1874.855893,6.861713787,123.5585568,102.5062892,971.6106601,1668.499185,234.3305825,276.7353317,303.8856548,81.28872534,32.82712171,76.13488473,1014.091557
3,1000,20,458.8771803,250.4677024,20.89990803,2493.571227,8.544273955,98.77815147,87.97353428,850.0051017,2083.568301,303.2272958,270.7329124,320.5262941,91.10444171,30.76871701,114.0135723,939.6147019
1,1000,40,340.1232632,201.1367686,39.20699819,1618.10906,8.085990807,77.16327724,69.78235409,712.2126206,1302.18498,246.4757863,198.0156048,141.8226396,85.27870875,21.97154527,46.88292529,772.1875743
2,1000,40,441.1162331,210.0159869,41.71364794,2059.49026,0.903725562,64.75056234,79.44197339,920.2627331,1570.585899,376.9887013,376.3756793,338.5878782,85.69412917,5.455943164,50.09020502,832.4318691
3,1000,40,358.323009,197.0337227,38.77505542,1702.499504,0.485339527,90.75504223,78.52310289,729.1872511,1331.056039,303.8778341,231.9907739,217.0956055,83.14420533,28.51909185,51.62569214,739.0554125
1,1500,0,136.1055005,199.9547893,17.27888527,1229.731277,5.228698232,75.6169232,35.14680624,772.5110888,969.8601332,205.8659432,233.2711224,198.7188962,23.54735686,3.077966261,28.21110639,406.6890725
2,1500,0,132.5931405,237.2805515,16.4605884,1943.338189,5.574299286,98.98126707,39.25205669,660.3178361,1657.772345,210.698411,225.9690352,172.9315602,43.72050968,10.24665236,28.60835119,392.5488712
3,1500,0,93.41371745,152.098321,22.37759314,1021.845708,112.3565686,38.21893493,36.68384468,503.1139512,1060.402336,101.5666436,138.426891,91.24044601,10.02883241,1.164507148,25.5887392,233.7558252
1,1500,5,134.4878663,264.7802479,23.24883769,1772.860421,10.38130128,48.06132534,50.92244602,774.0063812,1590.911181,142.6844983,271.8766986,177.549421,40.25959505,17.00737581,60.20792476,480.6881517
2,1500,5,153.3161068,229.4865807,20.18224895,1584.58971,5.624088599,43.46109208,37.68389033,869.6441273,1283.060143,225.1349941,247.7925531,242.0315634,36.7909896,6.675608784,39.14124365,350.9948103
3,1500,5,191.7971868,256.7058606,28.13392378,1661.002512,12.39243708,53.20023265,50.05867547,1198.082977,1387.189032,353.6226279,328.5768476,289.4675484,55.69532685,11.94108489,44.10095963,581.2540936
1,1500,10,193.7069419,179.6002351,12.86921369,1060.825824,0,11.49212604,13.00075209,369.1315376,1028.710948,199.3338826,234.5877105,90.06792364,16.82045773,7.233580209,36.87730157,332.5282624
2,1500,10,149.4545858,168.181634,9.81250575,944.4540887,0,34.43594765,4.003426094,355.1204966,1033.426721,178.6570155,172.2417801,56.68342665,0,6.497713018,14.86610909,351.5417445
3,1500,10,127.2489532,205.0629065,13.18949696,1134.005941,4.230881172,57.40074577,32.5051949,393.1909139,985.4603986,81.8968029,146.8222783,105.1469057,24.95391736,8.944852279,48.2209846,361.7129635
1,1500,20,469.4482806,206.2564042,24.58657752,1646.973946,0.592710681,57.84496441,13.78546072,732.5082761,1725.040199,430.5913591,377.0733291,224.5764992,23.99384011,9.812535134,42.00652181,628.9115289
2,1500,20,228.8397686,154.077109,8.552846447,872.7632315,0.291551546,58.26102952,25.73676422,560.247874,742.2302589,166.9226713,218.68002,220.862468,20.7471094,2.941968743,30.71494195,440.4288425
3,1500,20,289.201951,156.7638488,14.24630636,1250.114868,0.657656842,57.20287555,25.25498901,600.4447897,1619.693763,337.6862241,371.6041008,117.6494739,43.15096877,10.15772873,49.96852399,594.0643012
1,1500,40,254.4157154,185.3707434,19.78942162,1284.192532,3.893980681,37.79818596,52.94237803,546.2735683,1110.995028,117.017025,232.4479221,159.5485124,54.82889206,12.02207543,65.93598303,489.244753
2,1500,40,246.8363634,170.5701819,27.41498327,1207.131046,3.901264666,43.34871432,43.73667701,554.5582946,1078.853885,79.18164586,232.6071298,175.892685,48.48935711,12.97120018,45.55151528,429.0497616
3,1500,40,406.5904884,219.4769762,35.86546432,1622.676909,7.612713633,73.0017262,66.74659799,757.6683979,1558.143017,281.1065089,356.6941242,126.0470938,65.10522333,20.88584381,72.92974046,620.6519661
1,2000,0,361.6588279,390.7359755,90.84484363,2905.04695,10.53158337,85.16124011,49.1874135,1177.563376,2086.986866,614.8486298,489.1488618,349.8522995,203.5482873,36.73118356,114.4845863,521.8953226
2,2000,0,324.513452,409.6238519,58.67235925,3808.658185,24.57142906,197.2628273,105.7105668,1679.72758,1872.512672,433.6917695,683.1903521,500.4906931,174.6245988,12.66991175,81.69418322,591.194771
3,2000,0,265.1015272,461.357891,55.61002673,3822.116628,11.58179457,176.091751,78.06210381,1424.805167,2253.450239,325.9006206,340.3775784,367.0160643,155.004782,38.49107659,167.9107692,577.3900003
1,2000,5,175.661906,217.8212475,22.13229212,2361.50407,2.731572509,78.44754273,47.17519146,1161.54969,1610.095518,195.2516409,356.1766132,247.4679499,103.9968859,5.026401865,198.7221742,441.7858797
2,2000,5,189.6713045,257.9862419,23.361196,2835.117852,2.257980953,100.4266546,57.40422351,1062.667038,2162.668251,321.8746545,296.1162642,218.8279151,96.28598864,19.29385149,69.98931673,410.4644422
3,2000,5,198.61357,228.300136,18.86505658,2255.716884,1.149630375,72.50680177,38.1550843,1118.056454,1506.251872,277.7886502,291.9316821,208.5403099,102.192573,8.389344813,52.21977872,386.631816
1,2000,10,440.1733852,302.9822227,22.42327233,2921.649289,3.41768614,149.0221565,58.88832731,1303.070372,2239.415489,491.7593639,460.7433698,419.5510867,102.3842979,4.802977469,598.4420057,634.1624289
2,2000,10,457.505945,255.3255392,17.55905532,2356.152887,0,54.29852852,57.27900952,1077.622589,2964.374958,502.2638581,668.9222301,162.8323484,22.41538807,16.86077918,25.03850649,558.8136486
3,2000,10,454.9206897,316.9408011,25.80971429,2926.751763,3.474162811,188.6315983,81.90672992,1497.083974,2273.782899,492.0233828,637.5123969,391.8305995,100.5422128,5.122920675,53.4653226,640.8983768
1,2000,20,601.0506925,290.3622018,18.2728949,2709.46441,1.705188043,149.0143658,89.42208527,1255.138176,2222.745953,484.5949835,638.1943972,477.8727331,124.3915832,16.54408565,67.96759729,685.013252
2,2000,20,690.2784329,292.3142679,27.6276678,1916.048781,5.788725433,66.43798635,15.12375398,822.9103836,1436.787925,445.8312067,612.3742175,313.8302849,89.75456309,32.13570151,47.3744594,737.0005912
3,2000,20,529.706222,283.5690025,19.8908038,2354.098424,0,155.6113154,63.75702493,1155.846169,1847.914623,381.4126586,476.7874919,421.4891369,116.0852976,5.929088952,41.21330688,638.1786762
1,2000,40,789.2531571,273.9859639,70.42196431,2009.748076,0,76.5089935,69.10791261,1122.35986,2683.884912,584.6371732,433.3306037,322.99598,178.4257035,35.93028753,73.0374547,990.7788091
2,2000,40,545.2177008,307.8447282,48.42419597,2235.994368,2.077555059,101.1283413,97.14014061,874.4600205,2092.149055,512.5863253,418.2390138,205.6803222,144.44289,29.00496549,42.39859216,613.0348288
3,2000,40,909.6035131,266.6786186,86.90479325,2294.63316,1.414414375,65.19480491,42.37080283,1093.127448,2912.706567,582.290696,611.6752057,352.6361708,159.1853504,28.20428708,84.44197626,781.9012737
